PCs,explicada,acumulada
PC1,0.5954716951406007,0.5954716951406007
PC2,0.13354452256934887,0.7290162177099496
PC3,0.10686338648797074,0.8358796041979204
PC4,0.08910375228923519,0.9249833564871556
PC5,0.0575137641717841,0.9824971206589397
PC6,0.010248037781930073,0.9927451584408697
PC7,0.003188949715863947,0.9959341081567337
PC8,0.0024909256926970713,0.9984250338494307
PC9,0.0015749661505692584,1.0
