feature,0
alpha,-0.05760392526716442
delta,0.25228984741177096
u,-0.27916156680140025
g,-0.5367982080484663
r,-0.4158512762675483
i,-0.2947063136718551
z,-0.13413211254028437
redshift,0.41273229480192114
plate,0.2040694353625608
MJD,-0.39476476242422653
