feature,0
alpha,0.06385209502032388
delta,0.1907567628841746
u,0.12824382435386175
g,0.0970325865244539
r,-0.03665555687173927
i,-0.10202863288197993
z,0.0062252421194068566
redshift,0.4260329801112416
plate,0.7686454832864521
MJD,0.1222055606364044
