feature,0
alpha,-0.028497513780150682
delta,0.17506406871774208
u,-0.07029815082505202
g,-0.4280372605334827
r,-0.5078796039144718
i,-0.40418294248099695
z,-0.2568218402215218
redshift,2.5235985229261972
plate,0.1984557748781578
MJD,-0.38186179851053925
