feature,0
alpha,-0.052356455400024406
delta,-0.07328538239627456
u,0.432530219165336
g,-0.24414821260088881
r,-0.7617469523173079
i,-0.6374406745987712
z,-0.6454716114756264
redshift,1.4980500105727712
plate,-0.49921235745412784
MJD,-1.1857138774411318
